{"cameraMode":{"drawMode":0,"name":"Shaded","section":"Shading Mode"},"sceneLighting":true,"audioPlay":false,"sceneViewState":{"showFog":true,"showMaterialUpdate":false,"showSkybox":false,"showFlares":true,"showImageEffects":true,"showParticleSystems":true},"in2DMode":false,"pivot":{"x":0.0,"y":0.10642407089471817,"z":-0.003515038639307022},"rotation":{"x":0.06626632064580918,"y":0.0036156228743493559,"z":-0.0002927305758930743,"w":0.9978899955749512},"size":0.14091838896274568,"orthographic":false}