{"cameraMode":{"drawMode":0,"name":"Shaded","section":"Shading Mode"},"sceneLighting":true,"audioPlay":false,"sceneViewState":{"showFog":true,"showMaterialUpdate":false,"showSkybox":false,"showFlares":true,"showImageEffects":true,"showParticleSystems":true},"in2DMode":false,"pivot":{"x":1072.9359130859375,"y":526.9917602539063,"z":-0.0172151867300272},"rotation":{"x":0.10061968117952347,"y":0.019707845523953439,"z":-0.0019934815354645254,"w":0.9947319626808167},"size":1195.4932861328125,"orthographic":false}