{"cameraMode":{"drawMode":0,"name":"Shaded","section":"Shading Mode"},"sceneLighting":true,"audioPlay":false,"sceneViewState":{"showFog":true,"showMaterialUpdate":false,"showSkybox":false,"showFlares":true,"showImageEffects":true,"showParticleSystems":true},"in2DMode":false,"pivot":{"x":0.14159399271011353,"y":0.0982649177312851,"z":-0.003515038639307022},"rotation":{"x":-0.07818474620580673,"y":-0.03379233554005623,"z":0.0026516916695982219,"w":-0.9963629245758057},"size":0.2509002089500427,"orthographic":false}