{"cameraMode":{"drawMode":0,"name":"Shaded","section":"Shading Mode"},"sceneLighting":true,"audioPlay":false,"sceneViewState":{"showFog":true,"showMaterialUpdate":false,"showSkybox":false,"showFlares":true,"showImageEffects":true,"showParticleSystems":true},"in2DMode":false,"pivot":{"x":0.14949798583984376,"y":0.2154998779296875,"z":-0.005751948803663254},"rotation":{"x":0.12695764005184174,"y":0.08796843141317368,"z":-0.011374011635780335,"w":0.9879658818244934},"size":150.90003967285157,"orthographic":false}