{"cameraMode":{"drawMode":0,"name":"Shaded","section":"Shading Mode"},"sceneLighting":true,"audioPlay":false,"sceneViewState":{"showFog":true,"showMaterialUpdate":false,"showSkybox":false,"showFlares":true,"showImageEffects":true,"showParticleSystems":true},"in2DMode":false,"pivot":{"x":0.0,"y":0.10642407089471817,"z":-0.003515038639307022},"rotation":{"x":0.0976446345448494,"y":0.0152348093688488,"z":-0.0015641258796676994,"w":0.9951360821723938},"size":0.14091838896274568,"orthographic":false}