{"cameraMode":{"drawMode":0,"name":"Shaded","section":"Shading Mode"},"sceneLighting":true,"audioPlay":false,"sceneViewState":{"showFog":true,"showMaterialUpdate":false,"showSkybox":false,"showFlares":true,"showImageEffects":true,"showParticleSystems":true},"in2DMode":false,"pivot":{"x":0.14949798583984376,"y":0.2154998779296875,"z":-0.005751948803663254},"rotation":{"x":0.06626325100660324,"y":0.0003093398700002581,"z":-0.00008687860099598765,"w":0.9978328943252564},"size":150.90003967285157,"orthographic":false}