{"cameraMode":{"drawMode":0,"name":"Shaded","section":"Shading Mode"},"sceneLighting":true,"audioPlay":false,"sceneViewState":{"showFog":true,"showMaterialUpdate":false,"showSkybox":true,"showFlares":true,"showImageEffects":true,"showParticleSystems":true},"in2DMode":false,"pivot":{"x":-0.00015100091695785522,"y":0.10642407834529877,"z":-0.0172151867300272},"rotation":{"x":0.03779613971710205,"y":0.015299477614462376,"z":-0.0006102753686718643,"w":0.9991858601570129},"size":0.17968954145908357,"orthographic":false}