{"cameraMode":{"drawMode":0,"name":"Shaded","section":"Shading Mode"},"sceneLighting":true,"audioPlay":false,"sceneViewState":{"showFog":true,"showMaterialUpdate":false,"showSkybox":true,"showFlares":true,"showImageEffects":true,"showParticleSystems":true},"in2DMode":false,"pivot":{"x":0.1551416516304016,"y":0.09826930612325669,"z":0.1460414081811905},"rotation":{"x":0.04379655048251152,"y":0.0033080806024372579,"z":-0.000217343564145267,"w":0.9990679025650024},"size":0.10568878054618836,"orthographic":false}